<?xml version="1.0" encoding="UTF-8"?><rss version="2.0"
	xmlns:content="http://purl.org/rss/1.0/modules/content/"
	xmlns:wfw="http://wellformedweb.org/CommentAPI/"
	xmlns:dc="http://purl.org/dc/elements/1.1/"
	xmlns:atom="http://www.w3.org/2005/Atom"
	xmlns:sy="http://purl.org/rss/1.0/modules/syndication/"
	xmlns:slash="http://purl.org/rss/1.0/modules/slash/"
	>

<channel>
	<title></title>
	<atom:link href="./index.html" rel="self" type="application/rss+xml" />
	<link>./../index.html</link>
	<description></description>
	<lastBuildDate>Fri, 17 May 2019 15:46:21 +0000</lastBuildDate>
	<language>en-US</language>
	<sy:updatePeriod>hourly</sy:updatePeriod>
	<sy:updateFrequency>1</sy:updateFrequency>
	<generator>https://wordpress.org/?v=4.9.10</generator>
	<item>
		<title>নতুন নিবন্ধন</title>
		<link>./../%e0%a6%a8%e0%a6%a4%e0%a7%81%e0%a6%a8-%e0%a6%a8%e0%a6%bf%e0%a6%ac%e0%a6%a8%e0%a7%8d%e0%a6%a7%e0%a6%a8/index.html</link>
		<comments>./../%e0%a6%a8%e0%a6%a4%e0%a7%81%e0%a6%a8-%e0%a6%a8%e0%a6%bf%e0%a6%ac%e0%a6%a8%e0%a7%8d%e0%a6%a7%e0%a6%a8/index.html#respond</comments>
		<pubDate>Fri, 15 Feb 2019 16:21:28 +0000</pubDate>
		<dc:creator><![CDATA[admin]]></dc:creator>
				<category><![CDATA[Uncategorized]]></category>

		<guid isPermaLink="false">./../index.html?p=131</guid>
		<description><![CDATA[]]></description>
				<content:encoded><![CDATA[]]></content:encoded>
			<wfw:commentRss>./../%e0%a6%a8%e0%a6%a4%e0%a7%81%e0%a6%a8-%e0%a6%a8%e0%a6%bf%e0%a6%ac%e0%a6%a8%e0%a7%8d%e0%a6%a7%e0%a6%a8/feed/index.html</wfw:commentRss>
		<slash:comments>0</slash:comments>
		</item>
		<item>
		<title>Hello world!</title>
		<link>./../hello-world/index.html</link>
		<comments>./../hello-world/index.html#comments</comments>
		<pubDate>Sat, 14 Jul 2018 11:31:02 +0000</pubDate>
		<dc:creator><![CDATA[admin]]></dc:creator>
				<category><![CDATA[Uncategorized]]></category>

		<guid isPermaLink="false">./../index.html?p=1</guid>
		<description><![CDATA[Welcome to WordPress. This is your first post. Edit or delete it, then start writing!]]></description>
				<content:encoded><![CDATA[<p>Welcome to WordPress. This is your first post. Edit or delete it, then start writing!</p>
]]></content:encoded>
			<wfw:commentRss>./../hello-world/feed/index.html</wfw:commentRss>
		<slash:comments>1</slash:comments>
		</item>
	</channel>
</rss>
